{
    "list": [
        {
            "name": "할할",
            "hunt_map": "뒤틀린 땅"
        },
        {
            "name": "홀홀",
            "hunt_map": "뒤틀린 땅"
        },
        {
            "name": "훌훌",
            "hunt_map": "뒤틀린 땅"
        },
        {
            "name": "왕야옹1",
            "hunt_map": "뒤틀린 땅"
        },
        {
            "name": "왕야옹2",
            "hunt_map": "뒤틀린 땅"
        },
        {
            "name": "왕야옹궁수A",
            "hunt_map": "뒤틀린 땅"
        },
        {
            "name": "왕지윤기사",
            "hunt_map": "뒤틀린 땅"
        },
        {
            "name": "왕서윤",
            "hunt_map": "뒤틀린 땅"
        },
        {
            "name": "치면바로도망",
            "hunt_map": "죽음의 폐허"
        },
        {
            "name": "때리지말아줘",
            "hunt_map": "죽음의 폐허"
        },
        {
            "name": "그러고싶을까",
            "hunt_map": "죽음의 폐허"
        },
        {
            "name": "t14",
            "hunt_map": "글루디오 던전 1층"
        }
    ]
}